{"cameraMode":{"drawMode":0,"name":"Shaded","section":"Shading Mode"},"sceneLighting":false,"audioPlay":false,"sceneViewState":{"m_AlwaysRefresh":false,"showFog":true,"showSkybox":false,"showFlares":true,"showImageEffects":true,"showParticleSystems":true,"showVisualEffectGraphs":true,"m_FxEnabled":true},"in2DMode":false,"pivot":{"x":-0.002736985683441162,"y":0.0016235709190368653,"z":-0.03218281269073486},"rotation":{"x":-0.30049219727516177,"y":0.4446077048778534,"z":-0.16127434372901917,"w":-0.8283256888389587},"size":1.6093302965164185,"orthographic":false}