{"cameraMode":{"drawMode":0,"name":"Shaded","section":"Shading Mode"},"sceneLighting":false,"audioPlay":false,"sceneViewState":{"m_AlwaysRefresh":false,"showFog":true,"showSkybox":false,"showFlares":true,"showImageEffects":true,"showParticleSystems":true,"showVisualEffectGraphs":true,"m_FxEnabled":true},"in2DMode":false,"pivot":{"x":0.012498617172241211,"y":0.564495325088501,"z":-0.04182863235473633},"rotation":{"x":-0.30049219727516177,"y":0.4446077048778534,"z":-0.16127434372901917,"w":-0.8283256888389587},"size":2.8331503868103029,"orthographic":false}