{"cameraMode":{"drawMode":0,"name":"Shaded","section":"Shading Mode"},"sceneLighting":false,"audioPlay":false,"sceneViewState":{"m_AlwaysRefresh":false,"showFog":true,"showSkybox":false,"showFlares":true,"showImageEffects":true,"showParticleSystems":true,"showVisualEffectGraphs":true,"m_FxEnabled":true},"in2DMode":false,"pivot":{"x":2.8694815635681154,"y":0.00563359260559082,"z":-0.5751382112503052},"rotation":{"x":-0.30049219727516177,"y":0.4446077048778534,"z":-0.16127434372901917,"w":-0.8283256888389587},"size":4.720905780792236,"orthographic":false}